{"accuracy": 87.27272727272727, "loss": 0.2173239290714264, "_runtime": 169, "_timestamp": 1633958617, "_step": 55999, "_wandb": {"runtime": 165}}