{"accuracy": 87.27272727272727, "loss": 8.940696005765858e-08, "_runtime": 107, "_timestamp": 1633783409, "_step": 19, "_wandb": {"runtime": 103}}