{"accuracy": 86.81818181818181, "loss": 5.9604641222676946e-08, "_runtime": 226, "_timestamp": 1633783185, "_step": 56019, "_wandb": {"runtime": 222}}