{"accuracy": 87.72727272727273, "loss": 2.9802320611338473e-08, "_runtime": 207, "_timestamp": 1633783718, "_step": 55999, "_wandb": {"runtime": 203}}